{
    "0": {
        "window": "Visual Studio Code",
        "seconds": 76,
        "hours": 0.021111111111111112
    },
    "spent_seconds": 76,
    "spent_hours": 0.021111111111111112
}