{
    "0": {
        "window": "Visual Studio Code",
        "seconds": 40,
        "hours": 0.01111111111111111
    },
    "spent_seconds": 40,
    "spent_hours": 0.01111111111111111,
    "git_branch": "master\n"
}